Locator,Sample_Date,Sample_Depth,UpDown,Sample_Temperature_field,ST_Qual,Salinity_field,SA_Qual
KSBP01,5/26/04 10:21,0.5,Down,12.1213,,28.6977,
KSBP01,5/26/04 10:23,1,Down,12.301,,28.5409,
KSBP01,5/26/04 10:25,2,Down,11.9806,,28.8402,
KSBP01,5/26/04 10:25,2.5,Down,11.9067,,28.8897,
KSBP01,5/26/04 10:25,3,Down,11.8722,,28.9078,
KSBP01,5/26/04 10:25,3.5,Down,11.8607,,28.9185,
KSBP01,5/26/04 10:25,4,Down,11.8543,,28.9283,
KSBP01,5/26/04 10:25,4.5,Down,11.7997,,28.965,
KSBP01,5/26/04 10:25,5,Down,11.7401,,28.9878,
KSBP01,5/26/04 10:25,5.5,Down,11.7152,,29.0098,
KSBP01,5/26/04 10:25,6,Down,11.632,,29.0712,
KSBP01,5/26/04 10:25,6.5,Down,11.3514,,29.2189,
KSBP01,5/26/04 10:25,7,Down,11.2477,,29.2597,
KSBP01,5/26/04 10:25,7.5,Down,11.234,,29.262,
KSBP01,5/26/04 10:26,8,Down,11.2215,,29.2645,
KSBP01,5/26/04 10:26,8.5,Down,11.2046,,29.2657,
KSBP01,5/26/04 10:26,9,Down,11.1406,,29.2761,
KSBP01,5/26/04 10:26,1.5,Down,12.0371,,28.8055,
KSBP01,5/26/04 10:26,9.5,Down,11.0765,,29.2897,
KSBP01,5/26/04 10:26,10,Down,10.9812,,29.3206,
KSBP01,5/26/04 10:26,10.5,Down,10.9253,,29.343,
KSBP01,5/26/04 10:26,11,Down,10.8917,,29.3521,
KSBP01,5/26/04 10:26,11.5,Down,10.8383,,29.3631,
KSBP01,5/26/04 10:26,12,Down,10.7299,,29.3832,
KSBP01,5/26/04 10:26,12.5,Down,10.6767,,29.3932,
KSBP01,5/26/04 10:26,13,Down,10.678,,29.3932,
KSBP01,5/26/04 10:26,13.5,Down,10.6792,,29.3938,
KSBP01,5/26/04 10:26,14,Down,10.6785,,29.3946,
KSBP01,5/26/04 10:26,14.5,Down,10.6767,,29.3954,
KSBP01,5/26/04 10:26,15,Down,10.6751,,29.3961,
KSBP01,5/26/04 10:26,15.5,Down,10.6734,,29.3966,
KSBP01,5/26/04 10:26,16,Down,10.6743,,29.3968,
KSBP01,5/26/04 10:26,16.5,Down,10.6758,,29.397,
KSBP01,5/26/04 10:26,17,Down,10.6754,,29.3972,
KSBP01,5/26/04 10:26,17.5,Down,10.675,,29.3973,
KSBP01,5/26/04 10:26,18,Down,10.6737,,29.3974,
KSBP01,5/26/04 10:26,18.5,Down,10.6734,,29.3963,
KSBP01,5/26/04 10:26,19,Down,10.6717,,29.3971,
KSBP01,5/26/04 10:26,19.5,Down,10.6678,,29.3984,
KSBP01,5/26/04 10:26,20,Down,10.6631,,29.4002,
KSBP01,5/26/04 10:26,20.5,Down,10.6,,29.4177,
KSBP01,5/26/04 10:26,21,Down,10.5509,,29.4307,
KSBP01,5/26/04 10:26,21.5,Down,10.5297,,29.4361,
KSBP01,5/26/04 10:26,22,Down,10.5243,,29.4372,
KSBP01,5/26/04 10:26,22.5,Down,10.5213,,29.4384,
KSBP01,5/26/04 10:26,23,Down,10.5188,,29.4387,
KSBP01,5/26/04 10:26,23.5,Down,10.5162,,29.4392,
KSBP01,5/26/04 10:26,24,Down,10.5126,,29.4393,
KSBP01,5/26/04 10:26,24.5,Down,10.5068,,29.4401,
KSBP01,5/26/04 10:26,25,Down,10.501,,29.442,
KSBP01,5/26/04 10:26,25.5,Down,10.4879,,29.4464,
KSBP01,5/26/04 10:26,26,Down,10.4748,,29.4499,
KSBP01,5/26/04 10:26,26.5,Down,10.4615,,29.4542,
KSBP01,5/26/04 10:27,27,Down,10.4538,,29.4554,
KSBP01,5/26/04 10:27,27.5,Down,10.4451,,29.4564,
KSBP01,5/26/04 10:27,28,Down,10.4379,,29.4566,
KSBP01,5/26/04 10:27,28.5,Down,10.4347,,29.4573,
KSBP01,5/26/04 10:27,29,Down,10.4318,,29.4593,
KSBP01,5/26/04 10:27,29.5,Down,10.4313,,29.4619,
KSBP01,5/26/04 10:27,30,Down,10.431,,29.4623,
KSBP01,5/26/04 10:27,30.5,Down,10.431,,29.4624,
KSBP01,5/26/04 10:27,31,Down,10.4307,,29.4611,
KSBP01,5/26/04 10:27,31.5,Down,10.4304,,29.4608,
KSBP01,5/26/04 10:27,32,Down,10.4329,,29.4655,
KSBP01,5/26/04 10:27,32.5,Down,10.4192,,29.4717,
KSBP01,5/26/04 10:27,33,Down,10.3985,,29.4773,
KSBP01,5/26/04 10:27,33.5,Down,10.3686,,29.4877,
KSBP01,5/26/04 10:27,34,Down,10.3603,,29.4903,
KSBP01,5/26/04 10:27,34.5,Down,10.3531,,29.4949,
KSBP01,5/26/04 10:27,35,Down,10.3365,,29.5091,
KSBP01,5/26/04 10:27,35.5,Down,10.3361,,29.5144,
KSBP01,5/26/04 10:27,36,Down,10.3254,,29.5207,
KSBP01,5/26/04 10:27,36.5,Down,10.3193,,29.5271,
KSBP01,5/26/04 10:27,37,Down,10.3153,,29.5393,
KSBP01,5/26/04 10:27,37.5,Down,10.2828,,29.5649,
KSBP01,5/26/04 10:27,38,Down,10.2577,,29.5741,
KSBP01,5/26/04 10:27,38.5,Down,10.2469,,29.5814,
KSBP01,5/26/04 10:27,39,Down,10.2414,,29.585,
KSBP01,5/26/04 10:27,39.5,Down,10.2351,,29.5916,
KSBP01,5/26/04 10:27,40,Down,10.231,,29.6,
KSBP01,5/26/04 10:27,40.5,Down,10.229,,29.6045,
KSBP01,5/26/04 10:27,41,Down,10.2264,,29.6067,
KSBP01,5/26/04 10:27,41.5,Down,10.2313,,29.6169,
KSBP01,5/26/04 10:27,42,Down,10.2404,,29.6243,
KSBP01,5/26/04 10:27,42.5,Down,10.2531,,29.639,
KSBP01,5/26/04 10:27,43,Down,10.2543,,29.6374,
KSBP01,5/26/04 10:27,43.5,Down,10.2511,,29.645,
KSBP01,5/26/04 10:27,44,Down,10.2364,,29.657,
KSBP01,5/26/04 10:27,44.5,Down,10.2453,,29.6678,
KSBP01,5/26/04 10:27,45,Down,10.2498,,29.682,
KSBP01,5/26/04 10:27,45.5,Down,10.2501,,29.6828,
KSBP01,5/26/04 10:27,46,Down,10.251,,29.6891,
KSBP01,5/26/04 10:27,46.5,Down,10.2493,,29.6902,
KSBP01,5/26/04 10:27,47,Down,10.2479,,29.6912,
KSBP01,5/26/04 10:27,47.5,Down,10.2478,,29.6917,
KSBP01,5/26/04 10:27,48,Down,10.2425,,29.6927,
KSBP01,5/26/04 10:27,48.5,Down,10.2343,,29.6953,
KSBP01,5/26/04 10:27,49,Down,10.2319,,29.6959,
KSBP01,5/26/04 10:27,49.5,Down,10.2268,,29.6966,
KSBP01,5/26/04 10:27,50,Down,10.2262,,29.697,
KSBP01,5/26/04 10:27,50.5,Down,10.2253,,29.6974,
KSBP01,5/26/04 10:27,51,Down,10.2251,,29.6982,
KSBP01,5/26/04 10:27,51.5,Down,10.2247,,29.6993,
KSBP01,5/26/04 10:27,52,Down,10.2236,,29.7042,
KSBP01,5/26/04 10:27,52.5,Down,10.2232,,29.7117,
KSBP01,5/26/04 10:27,53,Down,10.2228,,29.7143,
KSBP01,5/26/04 10:27,53.5,Down,10.2203,,29.7207,
KSBP01,5/26/04 10:27,54,Down,10.2186,,29.7275,
KSBP01,5/26/04 10:27,54.5,Down,10.2181,,29.7299,
KSBP01,5/26/04 10:27,55,Down,10.2174,,29.7334,
KSBP01,5/26/04 10:27,55.5,Down,10.2108,,29.746,
KSBP01,5/26/04 10:27,56,Down,10.207,,29.7515,
KSBP01,5/26/04 10:27,56.5,Down,10.2058,,29.7525,
KSBP01,5/26/04 10:27,57,Down,10.2021,,29.7545,
KSBP01,5/26/04 10:27,57.5,Down,10.1989,,29.7541,
KSBP01,5/26/04 10:27,58,Down,10.1969,,29.7551,
KSBP01,5/26/04 10:27,58.5,Down,10.1948,,29.7567,
KSBP01,5/26/04 10:27,59,Down,10.1912,,29.766,
KSBP01,5/26/04 10:27,59.5,Down,10.191,,29.7711,
KSBP01,5/26/04 10:27,60,Down,10.191,,29.7735,
KSBP01,5/26/04 10:27,60.5,Down,10.1913,,29.7754,
KSBP01,5/26/04 10:27,61,Down,10.1917,,29.7805,
KSBP01,5/26/04 10:27,61.5,Down,10.1919,,29.7838,
KSBP01,5/26/04 10:27,62,Down,10.1919,,29.7877,
KSBP01,5/26/04 10:27,62.5,Down,10.1924,,29.7924,
KSBP01,5/26/04 10:27,63,Down,10.1926,,29.796,
KSBP01,5/26/04 10:27,63.5,Down,10.1947,,29.8084,
KSBP01,5/26/04 10:27,64,Down,10.1956,,29.8121,
KSBP01,5/26/04 10:27,64.5,Down,10.1965,,29.8145,
KSBP01,5/26/04 10:27,65,Down,10.1972,,29.819,
KSBP01,5/26/04 10:27,65.5,Down,10.1973,,29.8202,
KSBP01,5/26/04 10:27,66,Down,10.1974,,29.8193,
KSBP01,5/26/04 10:27,66.5,Down,10.1973,,29.8222,
KSBP01,5/26/04 10:27,67,Down,10.1975,,29.823,
KSBP01,5/26/04 10:27,67.5,Down,10.1976,,29.8208,
KSBP01,5/26/04 10:27,68,Down,10.1976,,29.8266,
KSBP01,5/26/04 10:27,68.5,Down,10.1973,,29.8391,
KSBP01,5/26/04 10:28,69,Down,10.1975,,29.85,
KSBP01,5/26/04 10:28,69.5,Down,10.1974,,29.8476,
KSBP01,5/26/04 10:28,70,Down,10.1973,,29.8523,
KSBP01,5/26/04 10:28,70.5,Down,10.1979,,29.867,
KSBP01,5/26/04 10:28,71,Down,10.1973,,29.8631,
KSBP01,5/26/04 10:28,71.5,Down,10.1987,,29.875,
KSBP01,5/26/04 10:28,72,Down,10.1999,,29.8835,
KSBP01,5/26/04 10:28,72.5,Down,10.1993,,29.888,
KSBP01,5/26/04 10:28,73,Down,10.1997,,29.8931,
KSBP01,5/26/04 10:28,73.5,Down,10.2032,,29.9046,
KSBP01,5/26/04 10:28,74,Down,10.2022,,29.8984,
KSBP01,5/26/04 10:28,74.5,Down,10.2008,,29.8958,
KSBP01,5/26/04 10:28,75,Down,10.2037,,29.9041,
KSBP01,5/26/04 10:28,75.5,Down,10.2058,,29.9105,
KSBP01,5/26/04 10:28,76,Down,10.2073,,29.9161,
KSBP01,5/26/04 10:28,76.5,Down,10.2076,,29.9168,
KSBP01,5/26/04 10:28,77,Down,10.2094,,29.9241,
KSBP01,5/26/04 10:28,77.5,Down,10.2108,,29.9304,
KSBP01,5/26/04 10:28,78,Down,10.2151,,29.9464,
KSBP01,5/26/04 10:28,78.5,Down,10.2165,,29.9501,
KSBP01,5/26/04 10:28,79,Down,10.2167,,29.9506,
KSBP01,5/26/04 10:28,79.5,Down,10.2165,,29.9506,
KSBP01,5/26/04 10:28,80,Down,10.2161,,29.9504,
KSBP01,5/26/04 10:28,80.5,Down,10.2164,,29.9504,
KSBP01,5/26/04 10:28,81,Down,10.2161,,29.9511,
KSBP01,5/26/04 10:28,81.5,Down,10.216,,29.9512,
KSBP01,5/26/04 10:28,82,Down,10.2162,,29.9512,
KSBP01,5/26/04 10:28,82.5,Down,10.2164,,29.9519,
KSBP01,5/26/04 10:28,83,Down,10.2168,,29.9525,
KSBP01,5/26/04 10:28,83.5,Down,10.2169,,29.9528,
KSBP01,5/26/04 10:28,84,Down,10.217,,29.9534,
KSBP01,5/26/04 10:28,84.5,Down,10.2184,,29.9548,
KSBP01,5/26/04 10:28,85,Down,10.2196,,29.9554,
KSBP01,5/26/04 10:28,85.5,Down,10.2207,,29.9579,
KSBP01,5/26/04 10:28,86,Down,10.2209,,29.9588,
KSBP01,5/26/04 10:28,86.5,Down,10.2212,,29.9488,
KSBP01,5/26/04 10:28,87,Down,10.2249,,29.9644,
KSBP01,5/26/04 10:28,87.5,Down,10.2276,,29.9673,
KSBP01,5/26/04 10:28,88,Down,10.2235,,29.9659,
KSBP01,5/26/04 10:28,88.5,Down,10.2216,,29.9656,
KSBP01,5/26/04 10:28,89,Down,10.2294,,29.9693,
KSBP01,5/26/04 10:28,89.5,Down,10.2356,,29.9705,
KSBP01,5/26/04 10:28,90,Down,10.2431,,29.9724,
KSBP01,5/26/04 10:28,90.5,Down,10.2402,,29.9718,
KSBP01,5/26/04 10:28,91,Down,10.2446,,29.9729,
KSBP01,5/26/04 10:28,91.5,Down,10.2465,,29.9728,
KSBP01,5/26/04 10:28,92,Down,10.2424,,29.9723,
KSBP01,5/26/04 10:28,92.5,Down,10.2415,,29.9727,
KSBP01,5/26/04 10:28,93,Down,10.2395,,29.9725,
KSBP01,5/26/04 10:28,93.5,Down,10.2398,,29.9725,
KSBP01,5/26/04 10:28,94,Down,10.2398,,29.9736,
KSBP01,5/26/04 10:28,94.5,Down,10.2443,,29.9754,
KSBP01,5/26/04 10:28,95,Down,10.2459,,29.976,
KSBP01,5/26/04 10:28,95.5,Down,10.2456,,29.9752,
KSBP01,5/26/04 10:28,96,Down,10.2439,,29.9745,
KSBP01,5/26/04 10:28,96.5,Down,10.2423,,29.9735,
KSBP01,5/26/04 10:28,97,Down,10.2428,,29.9732,
KSBP01,5/26/04 10:28,97.5,Down,10.2409,,29.9719,
KSBP01,5/26/04 10:28,98,Down,10.258,,29.9818,
KSBP01,5/26/04 10:28,98.5,Down,10.2903,,29.9943,
KSBP01,5/26/04 10:28,99,Down,10.2991,,30.002,
KSBP01,5/26/04 10:28,99.5,Down,10.2923,,30.0008,
KSBP01,5/26/04 10:28,100,Down,10.2809,,30.0017,
KSBP01,5/26/04 10:28,100.5,Down,10.2807,,30.0017,
KSBP01,5/26/04 10:28,101,Down,10.287,,30.0044,
KSBP01,5/26/04 10:28,101.5,Down,10.2961,,30.007,
KSBP01,5/26/04 10:28,102,Down,10.2994,,30.0074,
KSBP01,5/26/04 10:28,102.5,Down,10.2993,,30.0078,
KSBP01,5/26/04 10:28,103,Down,10.3023,,30.0086,
KSBP01,5/26/04 10:28,103.5,Down,10.3038,,30.0089,
KSBP01,5/26/04 10:28,104,Down,10.3052,,30.01,
KSBP01,5/26/04 10:28,104.5,Down,10.305,,30.0097,
KSBP01,5/26/04 10:28,105,Down,10.305,,30.0102,
KSBP01,5/26/04 10:28,105.5,Down,10.3064,,30.0109,
KSBP01,5/26/04 10:28,106,Down,10.3076,,30.0115,
KSBP01,5/26/04 10:28,106.5,Down,10.3086,,30.0116,
KSBP01,5/26/04 10:28,107,Down,10.3082,,30.012,
KSBP01,5/26/04 10:28,107.5,Down,10.3099,,30.0131,
KSBP01,5/26/04 10:29,108,Down,10.3146,,30.0152,
KSBP01,5/26/04 10:29,108.5,Down,10.3181,,30.0169,
KSBP01,5/26/04 10:29,109,Down,10.3266,,30.0219,
KSBP01,5/26/04 10:29,109.5,Down,10.3359,,30.0294,
KSBP01,5/26/04 10:29,110,Down,10.3365,,30.0303,
KSBP01,5/26/04 10:29,110.5,Down,10.3351,,30.0322,
KSBP01,5/26/04 10:29,111,Down,10.3346,,30.0308,
KSBP01,5/26/04 10:29,111.5,Down,10.3358,,30.033,
KSBP01,5/26/04 10:29,112,Down,10.3381,,30.0399,
KSBP01,5/26/04 10:29,112.5,Down,10.3377,,30.0421,
KSBP01,5/26/04 10:29,113,Down,10.3373,,30.042,
KSBP01,5/26/04 10:29,113.5,Down,10.3352,,30.0422,
KSBP01,5/26/04 10:29,114,Down,10.3335,,30.0412,
KSBP01,5/26/04 10:29,114.5,Down,10.3222,,30.0429,
KSBP01,5/26/04 10:29,115,Down,10.3181,,30.0431,
KSBP01,5/26/04 10:29,115.5,Down,10.318,,30.0429,
KSBP01,5/26/04 10:29,116,Down,10.3149,,30.043,
KSBP01,5/26/04 10:29,116.5,Down,10.3124,,30.043,
KSBP01,5/26/04 10:29,117,Down,10.3097,,30.0432,
KSBP01,5/26/04 10:29,117.5,Down,10.3099,,30.0431,
KSBP01,5/26/04 10:29,118,Down,10.3075,,30.0431,
KSBP01,5/26/04 10:29,118.5,Down,10.3061,,30.0431,
KSBP01,5/26/04 10:29,119,Down,10.3045,,30.0432,
KSBP01,5/26/04 10:29,119.5,Down,10.3047,,30.0431,
KSBP01,5/26/04 10:29,120,Down,10.3035,,30.0428,
KSBP01,5/26/04 10:29,120.5,Down,10.2883,,30.0427,
KSBP01,5/26/04 10:29,121,Down,10.2769,,30.045,
KSBP01,5/26/04 10:29,121.5,Down,10.2771,,30.0446,
KSBP01,5/26/04 10:29,122,Down,10.2799,,30.0443,
KSBP01,5/26/04 10:29,122.5,Down,10.2797,,30.0445,
KSBP01,5/26/04 10:29,123,Down,10.278,,30.0451,
KSBP01,5/26/04 10:29,123.5,Down,10.2752,,30.0459,
KSBP01,5/26/04 10:29,124,Down,10.2751,,30.0461,
KSBP01,5/26/04 10:29,124.5,Down,10.275,,30.0461,
KSBP01,5/26/04 10:29,125,Down,10.2753,,30.046,
KSBP01,5/26/04 10:29,125.5,Down,10.2752,,30.0433,
KSBP01,5/26/04 10:29,126,Down,10.2742,,30.047,
KSBP01,5/26/04 10:29,126.5,Down,10.2728,,30.0472,
KSBP01,5/26/04 10:29,127,Down,10.2725,,30.0474,
KSBP01,5/26/04 10:29,127.5,Down,10.2724,,30.0475,
KSBP01,5/26/04 10:29,128,Down,10.2718,,30.0482,
KSBP01,5/26/04 10:29,128.5,Down,10.2706,,30.0489,
KSBP01,5/26/04 10:29,129,Down,10.2707,,30.0485,
KSBP01,5/26/04 10:29,129.5,Down,10.2712,,30.0498,
KSBP01,5/26/04 10:29,130,Down,10.2715,,30.0507,
KSBP01,5/26/04 10:29,130.5,Down,10.2713,,30.0516,
KSBP01,5/26/04 10:29,131,Down,10.2714,,30.0522,
KSBP01,5/26/04 10:29,131.5,Down,10.272,,30.0539,
KSBP01,5/26/04 10:29,132,Down,10.2722,,30.0549,
KSBP01,5/26/04 10:29,132.5,Down,10.272,,30.0557,
KSBP01,5/26/04 10:29,133,Down,10.2718,,30.0549,
KSBP01,5/26/04 10:29,133.5,Down,10.2719,,30.055,
KSBP01,5/26/04 10:29,134,Down,10.2722,,30.056,
KSBP01,5/26/04 10:29,134.5,Down,10.2721,,30.0564,
KSBP01,5/26/04 10:29,135,Down,10.2719,,30.0624,
KSBP01,5/26/04 10:29,135.5,Down,10.2717,,30.064,
KSBP01,5/26/04 10:29,136,Down,10.2707,,30.0695,
KSBP01,5/26/04 10:29,136.5,Down,10.2707,,30.0737,
KSBP01,5/26/04 10:29,137,Down,10.2721,,30.0768,
KSBP01,5/26/04 10:29,137.5,Down,10.2778,,30.0849,
KSBP01,5/26/04 10:29,138,Down,10.2773,,30.0844,
KSBP01,5/26/04 10:29,138.5,Down,10.279,,30.0881,
KSBP01,5/26/04 10:29,139,Down,10.281,,30.0953,
KSBP01,5/26/04 10:29,139.5,Down,10.2809,,30.0949,
KSBP01,5/26/04 10:29,140,Down,10.2806,,30.0939,
KSBP01,5/26/04 10:29,140.5,Down,10.2809,,30.0935,
KSBP01,5/26/04 10:29,141,Down,10.2799,,30.0942,
KSBP01,5/26/04 10:29,141.5,Down,10.28,,30.0957,
KSBP01,5/26/04 10:29,142,Down,10.2814,,30.0966,
KSBP01,5/26/04 10:29,142.5,Down,10.2811,,30.0969,
KSBP01,5/26/04 10:29,143,Down,10.2793,,30.096,
KSBP01,5/26/04 10:29,143.5,Down,10.2786,,30.0959,
KSBP01,5/26/04 10:29,144,Down,10.2798,,30.0968,
KSBP01,5/26/04 10:29,144.5,Down,10.279,,30.0963,
KSBP01,5/26/04 10:30,145,Down,10.2803,,30.0968,
KSBP01,5/26/04 10:30,145.5,Down,10.2829,,30.0979,
KSBP01,5/26/04 10:30,146,Down,10.283,,30.0977,
KSBP01,5/26/04 10:30,146.5,Down,10.28,,30.0961,
KSBP01,5/26/04 10:30,147,Down,10.2806,,30.0962,
KSBP01,5/26/04 10:30,147.5,Down,10.2814,,30.0969,
KSBP01,5/26/04 10:30,148,Down,10.2813,,30.0966,
KSBP01,5/26/04 10:30,148.5,Down,10.2901,,30.1015,
KSBP01,5/26/04 10:30,149,Down,10.2885,,30.1008,
KSBP01,5/26/04 10:30,149.5,Down,10.3041,,30.1094,
KSBP01,5/26/04 10:30,150,Down,10.3092,,30.1116,
KSBP01,5/26/04 10:30,150.5,Down,10.3112,,30.1139,
KSBP01,5/26/04 10:30,151,Down,10.3149,,30.1149,
KSBP01,5/26/04 10:30,151.5,Down,10.3092,,30.1126,
KSBP01,5/26/04 10:30,152,Down,10.3078,,30.112,
KSBP01,5/26/04 10:30,152.5,Down,10.3159,,30.1153,
KSBP01,5/26/04 10:30,153,Down,10.3177,,30.1172,
KSBP01,5/26/04 10:30,153.5,Down,10.3182,,30.1163,
KSBP01,5/26/04 10:30,154,Down,10.3185,,30.119,
KSBP01,5/26/04 10:30,154.5,Down,10.3239,,30.1233,
KSBP01,5/26/04 10:30,155,Down,10.3236,,30.1237,
KSBP01,5/26/04 10:30,155.5,Down,10.3254,,30.1254,
KSBP01,5/26/04 10:30,156,Down,10.3237,,30.124,
KSBP01,5/26/04 10:30,156.5,Down,10.3256,,30.1271,
KSBP01,5/26/04 10:30,157,Down,10.3269,,30.127,
KSBP01,5/26/04 10:30,157.5,Down,10.3264,,30.1274,
KSBP01,5/26/04 10:30,158,Down,10.3286,,30.1298,
KSBP01,5/26/04 10:30,158.5,Down,10.3294,,30.133,
KSBP01,5/26/04 10:30,159,Down,10.3295,,30.1371,
KSBP01,5/26/04 10:30,159.5,Down,10.3298,,30.1377,
KSBP01,5/26/04 10:30,160,Down,10.3296,,30.1379,
KSBP01,5/26/04 10:30,160.5,Down,10.33,,30.1375,
KSBP01,5/26/04 10:30,161,Down,10.3299,,30.1379,
KSBP01,5/26/04 10:30,161.5,Down,10.3299,,30.1389,
KSBP01,5/26/04 10:30,162,Down,10.33,,30.1382,
KSBP01,5/26/04 10:30,162.5,Down,10.3298,,30.1395,
KSBP01,5/26/04 10:30,163,Down,10.3296,,30.141,
KSBP01,5/26/04 10:30,163.5,Down,10.3296,,30.1413,
KSBP01,5/26/04 10:30,164,Down,10.3295,,30.1418,
KSBP01,5/26/04 10:30,164.5,Down,10.3296,,30.1416,
KSBP01,5/26/04 10:30,165,Down,10.3297,,30.1416,
KSBP01,5/26/04 10:30,165.5,Down,10.3297,,30.1427,
KSBP01,5/26/04 10:30,166,Down,10.3294,,30.1443,
KSBP01,5/26/04 10:30,166.5,Down,10.3292,,30.1451,
KSBP01,5/26/04 10:30,167,Down,10.3293,,30.1451,
KSBP01,5/26/04 10:30,167.5,Down,10.3291,,30.1451,
KSBP01,5/26/04 10:30,168,Down,10.3283,,30.1467,
KSBP01,5/26/04 10:30,168.5,Down,10.3275,,30.1492,
KSBP01,5/26/04 10:30,169,Down,10.3267,,30.1511,
KSBP01,5/26/04 10:30,169.5,Down,10.3253,,30.1552,
KSBP01,5/26/04 10:30,170,Down,10.324,,30.1608,
KSBP01,5/26/04 10:30,170.5,Down,10.3208,,30.1715,
KSBP01,5/26/04 10:30,171,Down,10.3199,,30.1739,
KSBP01,5/26/04 10:30,171.5,Down,10.3198,,30.1744,
KSBP01,5/26/04 10:30,172,Down,10.3188,,30.178,
KSBP01,5/26/04 10:30,172.5,Down,10.3157,,30.1863,
KSBP01,5/26/04 10:30,173,Down,10.3163,,30.1852,
KSBP01,5/26/04 10:30,173.5,Down,10.3144,,30.1883,
KSBP01,5/26/04 10:30,174,Down,10.3032,,30.1953,
KSBP01,5/26/04 10:30,174.5,Down,10.3001,,30.1973,
KSBP01,5/26/04 10:30,175,Down,10.2972,,30.1985,
KSBP01,5/26/04 10:30,175.5,Down,10.2931,,30.2003,
KSBP01,5/26/04 10:30,176,Down,10.2932,,30.2005,
KSBP01,5/26/04 10:30,176.5,Down,10.2938,,30.1998,
KSBP01,5/26/04 10:30,177,Down,10.2948,,30.1998,
KSBP01,5/26/04 10:30,177.5,Down,10.2923,,30.2008,
KSBP01,5/26/04 10:30,178,Down,10.2872,,30.2031,
KSBP01,5/26/04 10:30,178.5,Down,10.2846,,30.2037,
KSBP01,5/26/04 10:30,179,Down,10.2848,,30.2034,
KSBP01,5/26/04 10:30,179.5,Down,10.286,,30.2035,
KSBP01,5/26/04 10:31,180,Down,10.2845,,30.2055,
KSBP01,5/26/04 10:31,180.5,Down,10.2842,,30.2058,
KSBP01,5/26/04 10:31,181,Down,10.2835,,30.2064,
KSBP01,5/26/04 10:31,181.5,Down,10.281,,30.2078,
KSBP01,5/26/04 10:31,182,Down,10.2796,,30.2087,
KSBP01,5/26/04 10:31,182.5,Down,10.2784,,30.2095,
KSBP01,5/26/04 10:31,183,Down,10.2789,,30.209,
KSBP01,5/26/04 10:31,183.5,Down,10.2781,,30.2095,
KSBP01,5/26/04 10:31,184,Down,10.2779,,30.2096,
KSBP01,5/26/04 10:31,184.5,Down,10.2767,,30.21,
KSBP01,5/26/04 10:31,185,Down,10.2739,,30.2109,
KSBP01,5/26/04 10:31,185.5,Down,10.2725,,30.2118,
KSBP01,5/26/04 10:31,186,Down,10.2728,,30.2123,
KSBP01,5/26/04 10:31,186.5,Down,10.2727,,30.2123,
KSBP01,5/26/04 10:31,187,Down,10.273,,30.2123,
KSBP01,5/26/04 10:31,187.5,Down,10.2734,,30.2117,
KSBP01,5/26/04 10:31,188,Down,10.2734,,30.2118,
KSBP01,5/26/04 10:31,188.5,Down,10.2736,,30.212,
KSBP01,5/26/04 10:31,189,Down,10.2736,,30.2125,
KSBP01,5/26/04 10:31,189.5,Down,10.2749,,30.2131,
KSBP01,5/26/04 10:31,190,Down,10.2765,,30.2137,
KSBP01,5/26/04 10:31,190.5,Down,10.2768,,30.214,
KSBP01,5/26/04 10:31,191,Down,10.2759,,30.2137,
KSBP01,5/26/04 10:31,191.5,Down,10.2782,,30.2147,
KSBP01,5/26/04 10:31,192,Down,10.278,,30.2133,
KSBP01,5/26/04 10:31,192.5,Down,10.281,,30.2162,
KSBP01,5/26/04 10:31,193,Down,10.2834,,30.2169,
KSBP01,5/26/04 10:31,193.5,Down,10.28,,30.2146,
KSBP01,5/26/04 10:31,194,Down,10.2784,,30.2139,
KSBP01,5/26/04 10:31,194.5,Down,10.2784,,30.2135,
KSBP01,5/26/04 10:31,195,Down,10.2793,,30.2143,
KSBP01,5/26/04 10:31,195.5,Down,10.2783,,30.214,
KSBP01,5/26/04 10:31,196,Down,10.2798,,30.2151,
KSBP01,5/26/04 10:31,196.5,Down,10.2862,,30.217,
KSBP01,5/26/04 10:31,197,Down,10.288,,30.2176,
KSBP01,5/26/04 10:31,197.5,Down,10.2891,,30.2175,
KSBP01,5/26/04 10:31,198,Down,10.2889,,30.2173,
KSBP01,5/26/04 10:31,198.5,Down,10.2886,,30.2173,
KSBP01,5/26/04 10:31,199,Down,10.2863,,30.2171,
KSBP01,5/26/04 10:31,199.5,Down,10.2908,,30.217,
KSBP01,5/26/04 10:31,200,Down,10.2913,,30.2169,
KSBP01,5/26/04 10:31,200.5,Down,10.2934,,30.2177,
KSBP01,5/26/04 10:31,201,Down,10.2945,,30.2186,
KSBP01,5/26/04 10:31,201.5,Down,10.3003,,30.2226,
KSBP01,5/26/04 10:31,202,Down,10.2998,,30.2239,
KSBP01,5/26/04 10:31,202.5,Down,10.3003,,30.2238,
KSBP01,5/26/04 10:31,203,Down,10.2997,,30.2232,
KSBP01,5/26/04 10:31,203.5,Down,10.2994,,30.2213,
KSBP01,5/26/04 10:31,204,Down,10.2982,,30.2224,
KSBP01,5/26/04 10:31,204.5,Down,10.297,,30.222,
KSBP01,5/26/04 10:31,205,Down,10.2969,,30.2227,
KSBP01,5/26/04 10:31,205.5,Down,10.2972,,30.2238,
KSBP01,5/26/04 10:31,206,Down,10.2972,,30.2242,
KSBP01,5/26/04 10:31,206.5,Down,10.2974,,30.2246,
KSBP01,5/26/04 10:31,207,Down,10.2975,,30.2248,
KSBP01,5/26/04 10:31,207.5,Down,10.2982,,30.2255,
KSBP01,5/26/04 10:31,208,Down,10.2992,,30.226,
KSBP01,5/26/04 10:31,208.5,Down,10.3009,,30.2276,
KSBP01,5/26/04 10:31,209,Down,10.3012,,30.2291,
KSBP01,5/26/04 10:31,209.5,Down,10.3012,,30.2288,
KSBP01,5/26/04 10:31,210,Down,10.3015,,30.229,
KSBP01,5/26/04 10:31,210.5,Down,10.3015,,30.2286,
KSBP01,5/26/04 10:31,211,Down,10.3,,30.2286,
KSBP01,5/26/04 10:31,211.5,Down,10.3002,,30.2294,
KSBP01,5/26/04 10:31,212,Down,10.3002,,30.2299,
KSBP01,5/26/04 10:31,212.5,Down,10.3003,,30.23,
KSBP01,5/26/04 10:31,213,Down,10.3001,,30.2304,
KSBP01,5/26/04 10:31,213.5,Down,10.2992,,30.2315,
KSBP01,5/26/04 10:32,214,Down,10.2984,,30.2334,
KSBP01,5/26/04 10:32,214.5,Down,10.2979,,30.2336,
KSBP01,5/26/04 10:32,215,Down,10.2958,,30.2358,
KSBP01,5/26/04 10:32,215.5,Down,10.2952,,30.2377,
KSBP01,5/26/04 10:32,216,Down,10.2947,,30.2385,
KSBP01,5/26/04 10:32,216.5,Down,10.2947,,30.2389,
KSBP01,5/26/04 10:32,217,Down,10.2946,,30.2388,
KSBP01,5/26/04 10:32,217.5,Down,10.2943,,30.2401,
KSBP01,5/26/04 10:32,218,Down,10.285,,30.2601,
KSBP01,5/26/04 10:32,218.5,Down,10.2869,,30.2561,
KSBP01,5/26/04 10:32,219,Down,10.2845,,30.2616,
KSBP01,5/26/04 10:32,219.5,Down,10.2863,,30.2578,
KSBP01,5/26/04 10:32,220,Down,10.2858,,30.2583,
KSBP01,5/26/04 10:32,220.5,Down,10.2853,,30.2591,
KSBP01,5/26/04 10:32,221,Down,10.287,,30.255,
KSBP01,5/26/04 10:32,221.5,Down,10.2835,,30.2648,
KSBP01,5/26/04 10:32,222,Down,10.2821,,30.2685,
KSBP01,5/26/04 10:32,222.5,Down,10.2819,,30.2688,
KSBP01,5/26/04 10:32,223,Down,10.2819,,30.2695,
KSBP01,5/26/04 10:32,223.5,Down,10.2822,,30.2695,
KSBP01,5/26/04 10:32,224,Down,10.2824,,30.2698,
KSBP01,5/26/04 10:32,224.5,Down,10.2821,,30.2703,
KSBP01,5/26/04 10:32,225,Down,10.2819,,30.2704,
KSBP01,5/26/04 10:32,225.5,Down,10.2822,,30.2703,
KSBP01,5/26/04 10:32,226,Down,10.2825,,30.27,
KSBP01,5/26/04 10:32,226.5,Down,10.2824,,30.2698,
KSBP01,5/26/04 10:32,227,Down,10.2823,,30.27,
KSBP01,5/26/04 10:32,227.5,Down,10.2825,,30.2699,
KSBP01,5/26/04 10:32,228,Down,10.2827,,30.2694,
KSBP01,5/26/04 10:32,228.5,Down,10.2825,,30.2697,
KSBP01,5/26/04 10:32,229,Down,10.2825,,30.2691,
KSBP01,5/26/04 10:32,229.5,Down,10.2826,,30.2685,
KSBP01,5/26/04 10:32,230,Down,10.2827,,30.2689,
KSBP01,5/26/04 10:32,230.5,Down,10.2829,,30.2687,
KSBP01,5/26/04 10:32,231,Down,10.2838,,30.2699,
KSBP01,5/26/04 10:32,231.5,Down,10.2838,,30.2696,
KSBP01,5/26/04 10:32,232,Down,10.2835,,30.2707,
KSBP01,5/26/04 10:32,232.5,Down,10.2832,,30.2682,
KSBP01,5/26/04 10:32,233,Down,10.2831,,30.2693,
KSBP01,5/26/04 10:32,233.5,Down,10.2836,,30.27,
KSBP01,5/26/04 10:32,234,Down,10.2835,,30.268,
KSBP01,5/26/04 10:32,234.5,Down,10.2837,,30.2686,
KSBP01,5/26/04 10:32,235,Down,10.2834,,30.2687,
KSBP01,5/26/04 10:32,235.5,Down,10.2838,,30.2707,
KSBP01,5/26/04 10:32,236,Down,10.2838,,30.2694,
KSBP01,5/26/04 10:32,236.5,Down,10.284,,30.2706,
KSBP01,5/26/04 10:32,237,Down,10.2839,,30.2705,
KSBP01,5/26/04 10:32,237.5,Down,10.2837,,30.27,
KSBP01,5/26/04 10:32,238,Down,10.2835,,30.2704,
KSBP01,5/26/04 10:32,238.5,Down,10.2836,,30.2705,
KSBP01,5/26/04 10:32,239,Down,10.2836,,30.2702,
KSBP01,5/26/04 10:32,239.5,Down,10.2838,,30.2702,
KSBP01,5/26/04 10:32,240,Down,10.2838,,30.2702,
KSBP01,5/26/04 10:32,240.5,Down,10.2838,,30.2705,
KSBP01,5/26/04 10:32,241,Down,10.2838,,30.2708,
KSBP01,5/26/04 10:32,241.5,Down,10.284,,30.2717,
KSBP01,5/26/04 10:32,242,Down,10.2841,,30.2714,
KSBP01,5/26/04 10:32,242.5,Down,10.2842,,30.2713,
KSBP01,5/26/04 10:32,243,Down,10.2846,,30.2706,
KSBP01,5/26/04 10:32,243.5,Down,10.2847,,30.2701,
KSBP01,5/26/04 10:32,244,Down,10.2848,,30.2706,
KSBP01,5/26/04 10:32,244.5,Down,10.2846,,30.2704,
KSBP01,5/26/04 10:32,245,Down,10.2845,,30.2705,
KSBP01,5/26/04 10:33,245.5,Down,10.2854,,30.2689,
KSBP01,5/26/04 10:33,246,Down,10.2858,,30.2689,
KSBP01,5/26/04 10:33,246.5,Down,10.2856,,30.2689,
KSBP01,5/26/04 10:33,247,Down,10.2859,,30.2689,
KSBP01,5/26/04 10:33,247.5,Down,10.2841,,30.2712,
KSBP01,5/26/04 10:33,248,Down,10.2833,,30.2726,
KSBP01,5/26/04 10:33,248.5,Down,10.2835,,30.2728,
KSBP01,5/26/04 10:33,249,Down,10.2831,,30.2734,
KSBP01,5/26/04 10:33,249.5,Down,10.2831,,30.2743,
KSBP01,5/26/04 10:33,250,Down,10.2831,,30.2741,
KSBP01,5/26/04 10:33,250.5,Down,10.2832,,30.2741,
KSBP01,5/26/04 10:33,251,Down,10.2836,,30.2742,
KSBP01,5/26/04 10:33,251.5,Down,10.2835,,30.2743,
KSBP01,5/26/04 10:33,252,Down,10.2831,,30.2753,
KSBP01,5/26/04 10:33,252.5,Down,10.283,,30.2754,
KSBP01,5/26/04 10:33,253,Down,10.2835,,30.2739,
KSBP01,5/26/04 10:33,253.5,Down,10.2839,,30.2728,
KSBP01,5/26/04 10:33,254,Down,10.2842,,30.2725,
KSBP01,5/26/04 10:33,254.5,Down,10.2842,,30.2725,
KSBP01,5/26/04 10:33,255,Down,10.2842,,30.2728,
KSBP01,5/26/04 10:33,255.5,Down,10.2835,,30.2752,
KSBP01,5/26/04 10:33,256,Down,10.2838,,30.2746,
KSBP01,5/26/04 10:33,256.5,Down,10.2837,,30.2749,
KSBP01,5/26/04 10:33,257,Down,10.284,,30.2735,
KSBP01,5/26/04 10:33,257.5,Down,10.2838,,30.2743,
KSBP01,5/26/04 10:33,258,Down,10.2841,,30.2735,
KSBP01,5/26/04 10:33,258.5,Down,10.2843,,30.2737,
KSBP01,5/26/04 10:33,259,Down,10.2838,,30.2745,
KSBP01,5/26/04 10:33,259.5,Down,10.2838,,30.2745,
KSBP01,5/26/04 10:33,260,Down,10.2838,,30.2748,
KSBP01,5/26/04 10:33,260.5,Down,10.2839,,30.2746,
KSBP01,5/26/04 10:33,261,Down,10.2843,,30.2743,
KSBP01,5/26/04 10:33,261.5,Down,10.2839,,30.275,
KSBP01,5/26/04 10:33,262,Down,10.284,,30.2751,
KSBP01,5/26/04 10:33,262.5,Down,10.2842,,30.2747,
KSBP01,5/26/04 10:33,263,Down,10.2842,,30.2745,
KSBP01,5/26/04 10:33,263.5,Down,10.2842,,30.2746,
KSBP01,5/26/04 10:33,264,Down,10.2841,,30.2748,
KSBP01,5/26/04 10:33,264.5,Down,10.284,,30.2752,
KSBP01,5/26/04 10:33,265,Down,10.2843,,30.275,
KSBP01,5/26/04 10:33,265.5,Down,10.2843,,30.2748,
KSBP01,5/26/04 10:33,266,Down,10.2846,,30.2732,
KSBP01,5/26/04 10:33,266.5,Down,10.2848,,30.2734,
KSBP01,5/26/04 10:33,266,Up,10.2849,,30.2747,
KSBP01,5/26/04 10:33,265.5,Up,10.2848,,30.2744,
KSBP01,5/26/04 10:33,265,Up,10.2847,,30.2745,
KSBP01,5/26/04 10:33,264.5,Up,10.2848,,30.2745,
KSBP01,5/26/04 10:33,264,Up,10.2847,,30.2744,
KSBP01,5/26/04 10:33,263.5,Up,10.2846,,30.2745,
KSBP01,5/26/04 10:33,263,Up,10.2845,,30.2742,
KSBP01,5/26/04 10:33,262.5,Up,10.2844,,30.2746,
KSBP01,5/26/04 10:33,262,Up,10.2842,,30.2747,
KSBP01,5/26/04 10:33,261.5,Up,10.2842,,30.2749,
KSBP01,5/26/04 10:33,261,Up,10.2841,,30.2753,
KSBP01,5/26/04 10:33,260.5,Up,10.2841,,30.2752,
KSBP01,5/26/04 10:34,260,Up,10.2841,,30.2756,
KSBP01,5/26/04 10:34,259.5,Up,10.284,,30.2746,
KSBP01,5/26/04 10:34,259,Up,10.2843,,30.2745,
KSBP01,5/26/04 10:34,258.5,Up,10.2841,,30.2746,
KSBP01,5/26/04 10:34,258,Up,10.2843,,30.274,
KSBP01,5/26/04 10:34,257.5,Up,10.2842,,30.2736,
KSBP01,5/26/04 10:34,257,Up,10.2841,,30.2737,
KSBP01,5/26/04 10:34,256.5,Up,10.2843,,30.2732,
KSBP01,5/26/04 10:34,256,Up,10.2844,,30.273,
KSBP01,5/26/04 10:34,255.5,Up,10.284,,30.2734,
KSBP01,5/26/04 10:34,255,Up,10.2841,,30.2732,
KSBP01,5/26/04 10:34,254.5,Up,10.2842,,30.273,
KSBP01,5/26/04 10:34,254,Up,10.284,,30.2726,
KSBP01,5/26/04 10:34,253.5,Up,10.2842,,30.2726,
KSBP01,5/26/04 10:34,253,Up,10.2842,,30.2721,
KSBP01,5/26/04 10:34,252.5,Up,10.2843,,30.2719,
KSBP01,5/26/04 10:34,252,Up,10.2844,,30.2718,
KSBP01,5/26/04 10:34,251.5,Up,10.2843,,30.2719,
KSBP01,5/26/04 10:34,251,Up,10.2842,,30.2719,
KSBP01,5/26/04 10:34,250.5,Up,10.2842,,30.2719,
KSBP01,5/26/04 10:34,250,Up,10.284,,30.2719,
KSBP01,5/26/04 10:34,249.5,Up,10.284,,30.2722,
KSBP01,5/26/04 10:34,249,Up,10.2837,,30.2721,
KSBP01,5/26/04 10:34,248.5,Up,10.2843,,30.2716,
KSBP01,5/26/04 10:34,248,Up,10.284,,30.2719,
KSBP01,5/26/04 10:34,247.5,Up,10.2845,,30.2711,
KSBP01,5/26/04 10:34,247,Up,10.2846,,30.2707,
KSBP01,5/26/04 10:34,246.5,Up,10.2847,,30.2707,
KSBP01,5/26/04 10:34,246,Up,10.2846,,30.2707,
KSBP01,5/26/04 10:34,245.5,Up,10.2847,,30.2704,
KSBP01,5/26/04 10:34,245,Up,10.2847,,30.2706,
KSBP01,5/26/04 10:34,244.5,Up,10.2846,,30.2707,
KSBP01,5/26/04 10:34,244,Up,10.2845,,30.2708,
KSBP01,5/26/04 10:34,243.5,Up,10.2845,,30.2706,
KSBP01,5/26/04 10:34,243,Up,10.2844,,30.2708,
KSBP01,5/26/04 10:34,242.5,Up,10.2841,,30.2708,
KSBP01,5/26/04 10:34,242,Up,10.2839,,30.2708,
KSBP01,5/26/04 10:34,241.5,Up,10.2839,,30.271,
KSBP01,5/26/04 10:34,241,Up,10.2838,,30.2706,
KSBP01,5/26/04 10:34,240.5,Up,10.2836,,30.2705,
KSBP01,5/26/04 10:34,240,Up,10.2837,,30.27,
KSBP01,5/26/04 10:34,239.5,Up,10.2836,,30.2698,
KSBP01,5/26/04 10:34,239,Up,10.2836,,30.2689,
KSBP01,5/26/04 10:34,238.5,Up,10.2835,,30.2694,
KSBP01,5/26/04 10:34,238,Up,10.2834,,30.2693,
KSBP01,5/26/04 10:34,237.5,Up,10.2834,,30.2693,
KSBP01,5/26/04 10:34,237,Up,10.2834,,30.269,
KSBP01,5/26/04 10:34,236.5,Up,10.2834,,30.2691,
KSBP01,5/26/04 10:34,236,Up,10.2831,,30.2694,
KSBP01,5/26/04 10:34,235,Up,10.2832,,30.2695,
KSBP01,5/26/04 10:34,235.5,Up,10.2832,,30.2694,
KSBP01,5/26/04 10:34,234,Up,10.2829,,30.2698,
KSBP01,5/26/04 10:34,234.5,Up,10.2831,,30.2695,
KSBP01,5/26/04 10:34,233.5,Up,10.2829,,30.2699,
KSBP01,5/26/04 10:34,233,Up,10.2828,,30.2699,
KSBP01,5/26/04 10:34,232,Up,10.2828,,30.2697,
KSBP01,5/26/04 10:34,232.5,Up,10.2832,,30.2694,
KSBP01,5/26/04 10:35,231,Up,10.2827,,30.2699,
KSBP01,5/26/04 10:35,231.5,Up,10.2829,,30.2698,
KSBP01,5/26/04 10:35,230.5,Up,10.2827,,30.27,
KSBP01,5/26/04 10:35,230,Up,10.2827,,30.2699,
KSBP01,5/26/04 10:35,229.5,Up,10.2827,,30.2699,
KSBP01,5/26/04 10:35,229,Up,10.2827,,30.2702,
KSBP01,5/26/04 10:35,228.5,Up,10.2825,,30.2706,
KSBP01,5/26/04 10:35,228,Up,10.2826,,30.2707,
KSBP01,5/26/04 10:35,227.5,Up,10.2825,,30.2709,
KSBP01,5/26/04 10:35,227,Up,10.2825,,30.2711,
KSBP01,5/26/04 10:35,226.5,Up,10.2822,,30.2709,
KSBP01,5/26/04 10:35,226,Up,10.2821,,30.271,
KSBP01,5/26/04 10:35,225.5,Up,10.2821,,30.2706,
KSBP01,5/26/04 10:35,225,Up,10.2822,,30.2707,
KSBP01,5/26/04 10:35,224.5,Up,10.282,,30.2706,
KSBP01,5/26/04 10:35,224,Up,10.282,,30.2704,
KSBP01,5/26/04 10:35,223.5,Up,10.2823,,30.2695,
KSBP01,5/26/04 10:35,223,Up,10.2829,,30.2677,
KSBP01,5/26/04 10:35,222.5,Up,10.2834,,30.2667,
KSBP01,5/26/04 10:35,222,Up,10.2833,,30.2667,
KSBP01,5/26/04 10:35,221.5,Up,10.2837,,30.2656,
KSBP01,5/26/04 10:35,221,Up,10.2843,,30.2643,
KSBP01,5/26/04 10:35,220.5,Up,10.2842,,30.2641,
KSBP01,5/26/04 10:35,220,Up,10.2844,,30.2635,
KSBP01,5/26/04 10:35,219.5,Up,10.2844,,30.2633,
KSBP01,5/26/04 10:35,219,Up,10.2839,,30.2648,
KSBP01,5/26/04 10:35,218.5,Up,10.2838,,30.2653,
KSBP01,5/26/04 10:35,218,Up,10.2838,,30.2657,
KSBP01,5/26/04 10:35,217,Up,10.2842,,30.2639,
KSBP01,5/26/04 10:35,217.5,Up,10.284,,30.265,
KSBP01,5/26/04 10:35,216,Up,10.285,,30.262,
KSBP01,5/26/04 10:35,216.5,Up,10.2843,,30.2635,
KSBP01,5/26/04 10:35,215.5,Up,10.2852,,30.2616,
KSBP01,5/26/04 10:35,215,Up,10.2865,,30.2589,
KSBP01,5/26/04 10:35,214.5,Up,10.2872,,30.2578,
KSBP01,5/26/04 10:35,214,Up,10.2867,,30.2585,
KSBP01,5/26/04 10:35,213.5,Up,10.286,,30.2595,
KSBP01,5/26/04 10:35,213,Up,10.285,,30.2613,
KSBP01,5/26/04 10:35,212.5,Up,10.2849,,30.2614,
KSBP01,5/26/04 10:35,212,Up,10.2844,,30.262,
KSBP01,5/26/04 10:35,211.5,Up,10.2844,,30.2622,
KSBP01,5/26/04 10:35,211,Up,10.2841,,30.2626,
KSBP01,5/26/04 10:35,210.5,Up,10.2837,,30.2634,
KSBP01,5/26/04 10:35,210,Up,10.2837,,30.2638,
KSBP01,5/26/04 10:35,209.5,Up,10.2837,,30.2635,
KSBP01,5/26/04 10:35,209,Up,10.2836,,30.2633,
KSBP01,5/26/04 10:35,208.5,Up,10.2836,,30.2633,
KSBP01,5/26/04 10:35,207.5,Up,10.2857,,30.2597,
KSBP01,5/26/04 10:35,208,Up,10.2845,,30.2617,
KSBP01,5/26/04 10:35,206.5,Up,10.2904,,30.2506,
KSBP01,5/26/04 10:35,207,Up,10.2888,,30.2537,
KSBP01,5/26/04 10:35,206,Up,10.2939,,30.2449,
KSBP01,5/26/04 10:35,205.5,Up,10.296,,30.2409,
KSBP01,5/26/04 10:35,205,Up,10.2961,,30.2409,
KSBP01,5/26/04 10:35,204.5,Up,10.298,,30.2377,
KSBP01,5/26/04 10:35,204,Up,10.2999,,30.2347,
KSBP01,5/26/04 10:35,203.5,Up,10.3005,,30.2329,
KSBP01,5/26/04 10:35,203,Up,10.3011,,30.2315,
KSBP01,5/26/04 10:35,202.5,Up,10.3016,,30.2299,
KSBP01,5/26/04 10:35,202,Up,10.3021,,30.2283,
KSBP01,5/26/04 10:35,201.5,Up,10.3021,,30.228,
KSBP01,5/26/04 10:35,201,Up,10.3019,,30.2286,
KSBP01,5/26/04 10:36,200.5,Up,10.3015,,30.2294,
KSBP01,5/26/04 10:36,200,Up,10.3022,,30.2275,
KSBP01,5/26/04 10:36,199.5,Up,10.3025,,30.2269,
KSBP01,5/26/04 10:36,199,Up,10.3024,,30.227,
KSBP01,5/26/04 10:36,198.5,Up,10.3025,,30.2264,
KSBP01,5/26/04 10:36,198,Up,10.3027,,30.2258,
KSBP01,5/26/04 10:36,197,Up,10.3028,,30.2254,
KSBP01,5/26/04 10:36,197.5,Up,10.3031,,30.2246,
KSBP01,5/26/04 10:36,196.5,Up,10.3027,,30.2257,
KSBP01,5/26/04 10:36,196,Up,10.3027,,30.2255,
KSBP01,5/26/04 10:36,195.5,Up,10.3025,,30.2259,
KSBP01,5/26/04 10:36,195,Up,10.3023,,30.2265,
KSBP01,5/26/04 10:36,194.5,Up,10.3018,,30.2276,
KSBP01,5/26/04 10:36,194,Up,10.302,,30.2266,
KSBP01,5/26/04 10:36,193.5,Up,10.3022,,30.226,
KSBP01,5/26/04 10:36,193,Up,10.3022,,30.2261,
KSBP01,5/26/04 10:36,192.5,Up,10.302,,30.2259,
KSBP01,5/26/04 10:36,191.5,Up,10.302,,30.2257,
KSBP01,5/26/04 10:36,192,Up,10.3019,,30.226,
KSBP01,5/26/04 10:36,191,Up,10.302,,30.2244,
KSBP01,5/26/04 10:36,190,Up,10.3007,,30.2187,
KSBP01,5/26/04 10:36,190.5,Up,10.3018,,30.2217,
KSBP01,5/26/04 10:36,189.5,Up,10.2983,,30.2157,
KSBP01,5/26/04 10:36,189,Up,10.2967,,30.2145,
KSBP01,5/26/04 10:36,188.5,Up,10.2956,,30.2149,
KSBP01,5/26/04 10:36,188,Up,10.2954,,30.2144,
KSBP01,5/26/04 10:36,187.5,Up,10.2952,,30.2141,
KSBP01,5/26/04 10:36,187,Up,10.294,,30.2132,
KSBP01,5/26/04 10:36,186.5,Up,10.2934,,30.2129,
KSBP01,5/26/04 10:36,185.5,Up,10.2909,,30.2109,
KSBP01,5/26/04 10:36,186,Up,10.2917,,30.2118,
KSBP01,5/26/04 10:36,185,Up,10.2909,,30.2106,
KSBP01,5/26/04 10:36,184.5,Up,10.2947,,30.2093,
KSBP01,5/26/04 10:36,184,Up,10.297,,30.2088,
KSBP01,5/26/04 10:36,183.5,Up,10.2966,,30.2084,
KSBP01,5/26/04 10:36,183,Up,10.2984,,30.208,
KSBP01,5/26/04 10:36,182.5,Up,10.3011,,30.2075,
KSBP01,5/26/04 10:36,182,Up,10.3002,,30.2077,
KSBP01,5/26/04 10:36,181,Up,10.3027,,30.2013,
KSBP01,5/26/04 10:36,181.5,Up,10.2993,,30.2078,
KSBP01,5/26/04 10:36,180.5,Up,10.3047,,30.1975,
KSBP01,5/26/04 10:36,180,Up,10.3048,,30.1961,
KSBP01,5/26/04 10:36,179.5,Up,10.3055,,30.1951,
KSBP01,5/26/04 10:36,179,Up,10.3066,,30.1948,
KSBP01,5/26/04 10:36,178.5,Up,10.3088,,30.1953,
KSBP01,5/26/04 10:36,178,Up,10.3105,,30.195,
KSBP01,5/26/04 10:36,177.5,Up,10.3112,,30.1951,
KSBP01,5/26/04 10:36,176.5,Up,10.3114,,30.1952,
KSBP01,5/26/04 10:36,177,Up,10.3115,,30.1948,
KSBP01,5/26/04 10:36,176,Up,10.3116,,30.1946,
KSBP01,5/26/04 10:36,175.5,Up,10.3123,,30.1938,
KSBP01,5/26/04 10:36,175,Up,10.3128,,30.1934,
KSBP01,5/26/04 10:36,174.5,Up,10.3131,,30.1927,
KSBP01,5/26/04 10:36,174,Up,10.3133,,30.1922,
KSBP01,5/26/04 10:36,173,Up,10.3143,,30.1888,
KSBP01,5/26/04 10:36,173.5,Up,10.3136,,30.1909,
KSBP01,5/26/04 10:36,172.5,Up,10.3144,,30.1883,
KSBP01,5/26/04 10:36,172,Up,10.3145,,30.1876,
KSBP01,5/26/04 10:36,171.5,Up,10.3145,,30.1876,
KSBP01,5/26/04 10:36,171,Up,10.3144,,30.1874,
KSBP01,5/26/04 10:36,170.5,Up,10.3143,,30.1867,
KSBP01,5/26/04 10:36,170,Up,10.3143,,30.1863,
KSBP01,5/26/04 10:36,169.5,Up,10.3144,,30.184,
KSBP01,5/26/04 10:36,169,Up,10.3144,,30.1827,
KSBP01,5/26/04 10:36,168.5,Up,10.3147,,30.1802,
KSBP01,5/26/04 10:36,167.5,Up,10.3165,,30.1752,
KSBP01,5/26/04 10:36,168,Up,10.3161,,30.1764,
KSBP01,5/26/04 10:37,167,Up,10.3171,,30.1739,
KSBP01,5/26/04 10:37,166.5,Up,10.3172,,30.1732,
KSBP01,5/26/04 10:37,166,Up,10.3185,,30.1705,
KSBP01,5/26/04 10:37,165.5,Up,10.3202,,30.1664,
KSBP01,5/26/04 10:37,165,Up,10.3218,,30.1621,
KSBP01,5/26/04 10:37,164.5,Up,10.3234,,30.1573,
KSBP01,5/26/04 10:37,164,Up,10.3261,,30.1501,
KSBP01,5/26/04 10:37,163.5,Up,10.3264,,30.1491,
KSBP01,5/26/04 10:37,163,Up,10.3273,,30.147,
KSBP01,5/26/04 10:37,162.5,Up,10.3278,,30.1457,
KSBP01,5/26/04 10:37,162,Up,10.3279,,30.1449,
KSBP01,5/26/04 10:37,161.5,Up,10.3286,,30.1427,
KSBP01,5/26/04 10:37,161,Up,10.3292,,30.1408,
KSBP01,5/26/04 10:37,160.5,Up,10.3296,,30.1393,
KSBP01,5/26/04 10:37,159.5,Up,10.3307,,30.1365,
KSBP01,5/26/04 10:37,160,Up,10.3299,,30.1382,
KSBP01,5/26/04 10:37,159,Up,10.3309,,30.1354,
KSBP01,5/26/04 10:37,158,Up,10.3311,,30.1345,
KSBP01,5/26/04 10:37,158.5,Up,10.331,,30.1352,
KSBP01,5/26/04 10:37,157.5,Up,10.3309,,30.1337,
KSBP01,5/26/04 10:37,157,Up,10.3304,,30.1321,
KSBP01,5/26/04 10:37,156.5,Up,10.3296,,30.1298,
KSBP01,5/26/04 10:37,156,Up,10.329,,30.1281,
KSBP01,5/26/04 10:37,155.5,Up,10.3259,,30.1244,
KSBP01,5/26/04 10:37,155,Up,10.3249,,30.1234,
KSBP01,5/26/04 10:37,154.5,Up,10.3247,,30.1229,
KSBP01,5/26/04 10:37,153.5,Up,10.3203,,30.119,
KSBP01,5/26/04 10:37,154,Up,10.3212,,30.12,
KSBP01,5/26/04 10:37,153,Up,10.3202,,30.1188,
KSBP01,5/26/04 10:37,152.5,Up,10.3205,,30.1183,
KSBP01,5/26/04 10:37,152,Up,10.3212,,30.1178,
KSBP01,5/26/04 10:37,151.5,Up,10.3221,,30.1178,
KSBP01,5/26/04 10:37,151,Up,10.322,,30.117,
KSBP01,5/26/04 10:37,150.5,Up,10.322,,30.1173,
KSBP01,5/26/04 10:37,150,Up,10.3217,,30.117,
KSBP01,5/26/04 10:37,149.5,Up,10.3212,,30.1162,
KSBP01,5/26/04 10:37,149,Up,10.3209,,30.1152,
KSBP01,5/26/04 10:37,148,Up,10.319,,30.1134,
KSBP01,5/26/04 10:37,148.5,Up,10.3199,,30.1145,
KSBP01,5/26/04 10:37,147.5,Up,10.3159,,30.111,
KSBP01,5/26/04 10:37,147,Up,10.3149,,30.1107,
KSBP01,5/26/04 10:37,146.5,Up,10.3141,,30.1099,
KSBP01,5/26/04 10:37,146,Up,10.3135,,30.1096,
KSBP01,5/26/04 10:37,145.5,Up,10.3134,,30.1094,
KSBP01,5/26/04 10:37,145,Up,10.3112,,30.109,
KSBP01,5/26/04 10:37,144.5,Up,10.3103,,30.1088,
KSBP01,5/26/04 10:37,144,Up,10.3093,,30.1087,
KSBP01,5/26/04 10:37,143.5,Up,10.3085,,30.1083,
KSBP01,5/26/04 10:37,142.5,Up,10.3058,,30.1075,
KSBP01,5/26/04 10:37,143,Up,10.3069,,30.1077,
KSBP01,5/26/04 10:37,142,Up,10.3049,,30.1072,
KSBP01,5/26/04 10:37,141.5,Up,10.304,,30.1065,
KSBP01,5/26/04 10:37,141,Up,10.3027,,30.1064,
KSBP01,5/26/04 10:37,140.5,Up,10.3025,,30.1061,
KSBP01,5/26/04 10:37,140,Up,10.3015,,30.1052,
KSBP01,5/26/04 10:37,139.5,Up,10.3011,,30.1055,
KSBP01,5/26/04 10:37,139,Up,10.3011,,30.1054,
KSBP01,5/26/04 10:37,138.5,Up,10.2985,,30.1046,
KSBP01,5/26/04 10:37,138,Up,10.2905,,30.1012,
KSBP01,5/26/04 10:37,137.5,Up,10.2871,,30.0994,
KSBP01,5/26/04 10:37,136.5,Up,10.2803,,30.0971,
KSBP01,5/26/04 10:37,137,Up,10.2843,,30.0982,
KSBP01,5/26/04 10:37,136,Up,10.2787,,30.096,
KSBP01,5/26/04 10:37,135.5,Up,10.2766,,30.0952,
KSBP01,5/26/04 10:37,135,Up,10.2758,,30.0945,
KSBP01,5/26/04 10:38,134.5,Up,10.2758,,30.0948,
KSBP01,5/26/04 10:38,133.5,Up,10.2738,,30.0896,
KSBP01,5/26/04 10:38,134,Up,10.2754,,30.0933,
KSBP01,5/26/04 10:38,133,Up,10.2727,,30.0881,
KSBP01,5/26/04 10:38,132.5,Up,10.2728,,30.0866,
KSBP01,5/26/04 10:38,132,Up,10.2722,,30.0838,
KSBP01,5/26/04 10:38,131.5,Up,10.2707,,30.0794,
KSBP01,5/26/04 10:38,131,Up,10.2695,,30.0738,
KSBP01,5/26/04 10:38,130,Up,10.2674,,30.0608,
KSBP01,5/26/04 10:38,130.5,Up,10.269,,30.0686,
KSBP01,5/26/04 10:38,129.5,Up,10.2666,,30.0589,
KSBP01,5/26/04 10:38,129,Up,10.2664,,30.0575,
KSBP01,5/26/04 10:38,128.5,Up,10.2658,,30.0551,
KSBP01,5/26/04 10:38,128,Up,10.2656,,30.0542,
KSBP01,5/26/04 10:38,127,Up,10.265,,30.051,
KSBP01,5/26/04 10:38,127.5,Up,10.2655,,30.0526,
KSBP01,5/26/04 10:38,126.5,Up,10.2652,,30.0505,
KSBP01,5/26/04 10:38,126,Up,10.2649,,30.0485,
KSBP01,5/26/04 10:38,125.5,Up,10.2644,,30.0476,
KSBP01,5/26/04 10:38,125,Up,10.2641,,30.0467,
KSBP01,5/26/04 10:38,124.5,Up,10.2644,,30.0467,
KSBP01,5/26/04 10:38,123.5,Up,10.267,,30.0456,
KSBP01,5/26/04 10:38,124,Up,10.2661,,30.0461,
KSBP01,5/26/04 10:38,123,Up,10.2672,,30.0457,
KSBP01,5/26/04 10:38,122.5,Up,10.2682,,30.0452,
KSBP01,5/26/04 10:38,122,Up,10.2687,,30.045,
KSBP01,5/26/04 10:38,121.5,Up,10.2689,,30.0448,
KSBP01,5/26/04 10:38,121,Up,10.2694,,30.0446,
KSBP01,5/26/04 10:38,120,Up,10.2695,,30.0443,
KSBP01,5/26/04 10:38,120.5,Up,10.2694,,30.0448,
KSBP01,5/26/04 10:38,119.5,Up,10.2702,,30.0445,
KSBP01,5/26/04 10:38,119,Up,10.2705,,30.0443,
KSBP01,5/26/04 10:38,118.5,Up,10.271,,30.0442,
KSBP01,5/26/04 10:38,118,Up,10.2718,,30.0441,
KSBP01,5/26/04 10:38,117.5,Up,10.2722,,30.0443,
KSBP01,5/26/04 10:38,117,Up,10.2724,,30.0442,
KSBP01,5/26/04 10:38,116,Up,10.2798,,30.0444,
KSBP01,5/26/04 10:38,116.5,Up,10.2741,,30.0439,
KSBP01,5/26/04 10:38,115.5,Up,10.2918,,30.0434,
KSBP01,5/26/04 10:38,115,Up,10.2973,,30.0438,
KSBP01,5/26/04 10:38,114.5,Up,10.2993,,30.0435,
KSBP01,5/26/04 10:38,113.5,Up,10.316,,30.042,
KSBP01,5/26/04 10:38,114,Up,10.3043,,30.0424,
KSBP01,5/26/04 10:38,113,Up,10.3216,,30.0417,
KSBP01,5/26/04 10:38,112.5,Up,10.325,,30.0413,
KSBP01,5/26/04 10:38,112,Up,10.3267,,30.0413,
KSBP01,5/26/04 10:38,111.5,Up,10.328,,30.0411,
KSBP01,5/26/04 10:38,111,Up,10.3298,,30.0408,
KSBP01,5/26/04 10:38,110,Up,10.3321,,30.0389,
KSBP01,5/26/04 10:38,110.5,Up,10.3308,,30.0402,
KSBP01,5/26/04 10:38,109.5,Up,10.3326,,30.0379,
KSBP01,5/26/04 10:38,109,Up,10.3332,,30.0376,
KSBP01,5/26/04 10:38,108.5,Up,10.3332,,30.0374,
KSBP01,5/26/04 10:38,107.5,Up,10.3342,,30.0363,
KSBP01,5/26/04 10:38,108,Up,10.3338,,30.0366,
KSBP01,5/26/04 10:38,107,Up,10.3343,,30.0359,
KSBP01,5/26/04 10:38,106.5,Up,10.3347,,30.0356,
KSBP01,5/26/04 10:38,106,Up,10.335,,30.0353,
KSBP01,5/26/04 10:38,105.5,Up,10.3352,,30.035,
KSBP01,5/26/04 10:38,104.5,Up,10.3369,,30.0323,
KSBP01,5/26/04 10:38,105,Up,10.336,,30.0337,
KSBP01,5/26/04 10:38,104,Up,10.3364,,30.0299,
KSBP01,5/26/04 10:38,103.5,Up,10.333,,30.0247,
KSBP01,5/26/04 10:38,103,Up,10.3285,,30.0209,
KSBP01,5/26/04 10:38,102.5,Up,10.3254,,30.0185,
KSBP01,5/26/04 10:38,101.5,Up,10.3135,,30.0137,
KSBP01,5/26/04 10:38,102,Up,10.3208,,30.0153,
KSBP01,5/26/04 10:38,101,Up,10.3108,,30.0107,
KSBP01,5/26/04 10:38,100.5,Up,10.3074,,30.0095,
KSBP01,5/26/04 10:38,100,Up,10.3055,,30.009,
KSBP01,5/26/04 10:38,99,Up,10.3002,,30.007,
KSBP01,5/26/04 10:38,99.5,Up,10.304,,30.0081,
KSBP01,5/26/04 10:39,98.5,Up,10.2941,,30.0046,
KSBP01,5/26/04 10:39,98,Up,10.2914,,30.0038,
KSBP01,5/26/04 10:39,97.5,Up,10.2891,,30.0031,
KSBP01,5/26/04 10:39,96.5,Up,10.2834,,30.0014,
KSBP01,5/26/04 10:39,97,Up,10.2871,,30.0025,
KSBP01,5/26/04 10:39,96,Up,10.2778,,29.9992,
KSBP01,5/26/04 10:39,95.5,Up,10.2728,,29.998,
KSBP01,5/26/04 10:39,95,Up,10.2712,,29.9962,
KSBP01,5/26/04 10:39,94.5,Up,10.2584,,29.9911,
KSBP01,5/26/04 10:39,93.5,Up,10.2482,,29.9875,
KSBP01,5/26/04 10:39,94,Up,10.2507,,29.989,
KSBP01,5/26/04 10:39,93,Up,10.2488,,29.9864,
KSBP01,5/26/04 10:39,92.5,Up,10.244,,29.9825,
KSBP01,5/26/04 10:39,92,Up,10.2351,,29.976,
KSBP01,5/26/04 10:39,91.5,Up,10.2334,,29.9742,
KSBP01,5/26/04 10:39,90.5,Up,10.2311,,29.9722,
KSBP01,5/26/04 10:39,91,Up,10.2323,,29.9728,
KSBP01,5/26/04 10:39,90,Up,10.2304,,29.9717,
KSBP01,5/26/04 10:39,89.5,Up,10.2301,,29.9705,
KSBP01,5/26/04 10:39,89,Up,10.2305,,29.9708,
KSBP01,5/26/04 10:39,88.5,Up,10.2298,,29.9703,
KSBP01,5/26/04 10:39,87.5,Up,10.2293,,29.9692,
KSBP01,5/26/04 10:39,88,Up,10.229,,29.9703,
KSBP01,5/26/04 10:39,87,Up,10.2282,,29.9675,
KSBP01,5/26/04 10:39,86.5,Up,10.226,,29.9652,
KSBP01,5/26/04 10:39,86,Up,10.2233,,29.9626,
KSBP01,5/26/04 10:39,85.5,Up,10.2213,,29.9596,
KSBP01,5/26/04 10:39,84.5,Up,10.2199,,29.9576,
KSBP01,5/26/04 10:39,85,Up,10.22,,29.9585,
KSBP01,5/26/04 10:39,84,Up,10.2195,,29.9566,
KSBP01,5/26/04 10:39,83.5,Up,10.2186,,29.9555,
KSBP01,5/26/04 10:39,82.5,Up,10.2179,,29.9543,
KSBP01,5/26/04 10:39,83,Up,10.2182,,29.9546,
KSBP01,5/26/04 10:39,82,Up,10.2173,,29.9534,
KSBP01,5/26/04 10:39,81.5,Up,10.2169,,29.9527,
KSBP01,5/26/04 10:39,81,Up,10.2163,,29.9518,
KSBP01,5/26/04 10:39,80.5,Up,10.2157,,29.9508,
KSBP01,5/26/04 10:39,79.5,Up,10.2145,,29.9466,
KSBP01,5/26/04 10:39,80,Up,10.2154,,29.9493,
KSBP01,5/26/04 10:39,79,Up,10.2128,,29.943,
KSBP01,5/26/04 10:39,78.5,Up,10.2123,,29.9409,
KSBP01,5/26/04 10:39,78,Up,10.2113,,29.9375,
KSBP01,5/26/04 10:39,77,Up,10.209,,29.9247,
KSBP01,5/26/04 10:39,77.5,Up,10.2104,,29.9325,
KSBP01,5/26/04 10:39,76.5,Up,10.2079,,29.9213,
KSBP01,5/26/04 10:39,76,Up,10.2077,,29.9203,
KSBP01,5/26/04 10:39,75,Up,10.2072,,29.9183,
KSBP01,5/26/04 10:39,75.5,Up,10.2076,,29.9188,
KSBP01,5/26/04 10:39,74.5,Up,10.2068,,29.9162,
KSBP01,5/26/04 10:39,74,Up,10.2063,,29.9137,
KSBP01,5/26/04 10:39,73.5,Up,10.2057,,29.9124,
KSBP01,5/26/04 10:39,72.5,Up,10.2035,,29.8979,
KSBP01,5/26/04 10:39,73,Up,10.2055,,29.9097,
KSBP01,5/26/04 10:39,72,Up,10.1999,,29.8806,
KSBP01,5/26/04 10:39,71.5,Up,10.1969,,29.8651,
KSBP01,5/26/04 10:39,71,Up,10.1963,,29.8568,
KSBP01,5/26/04 10:39,70,Up,10.194,,29.8375,
KSBP01,5/26/04 10:39,70.5,Up,10.1949,,29.8473,
KSBP01,5/26/04 10:39,69.5,Up,10.193,,29.8318,
KSBP01,5/26/04 10:39,69,Up,10.1933,,29.8326,
KSBP01,5/26/04 10:39,68,Up,10.1929,,29.8277,
KSBP01,5/26/04 10:39,68.5,Up,10.1932,,29.8309,
KSBP01,5/26/04 10:39,67.5,Up,10.1926,,29.8275,
KSBP01,5/26/04 10:39,67,Up,10.1927,,29.8254,
KSBP01,5/26/04 10:39,66.5,Up,10.1928,,29.8241,
KSBP01,5/26/04 10:39,65.5,Up,10.1924,,29.8221,
KSBP01,5/26/04 10:39,66,Up,10.1926,,29.8231,
KSBP01,5/26/04 10:39,65,Up,10.192,,29.8207,
KSBP01,5/26/04 10:39,64.5,Up,10.1913,,29.8175,
KSBP01,5/26/04 10:39,64,Up,10.1908,,29.8146,
KSBP01,5/26/04 10:39,63,Up,10.1893,,29.8091,
KSBP01,5/26/04 10:39,63.5,Up,10.1901,,29.8114,
KSBP01,5/26/04 10:39,62.5,Up,10.1892,,29.808,
KSBP01,5/26/04 10:39,62,Up,10.1889,,29.8068,
KSBP01,5/26/04 10:40,61.5,Up,10.1887,,29.8057,
KSBP01,5/26/04 10:40,60.5,Up,10.1881,,29.8041,
KSBP01,5/26/04 10:40,61,Up,10.1883,,29.8048,
KSBP01,5/26/04 10:40,60,Up,10.1878,,29.803,
KSBP01,5/26/04 10:40,59.5,Up,10.1874,,29.7998,
KSBP01,5/26/04 10:40,58.5,Up,10.1873,,29.7956,
KSBP01,5/26/04 10:40,59,Up,10.1874,,29.7976,
KSBP01,5/26/04 10:40,58,Up,10.1872,,29.7946,
KSBP01,5/26/04 10:40,57.5,Up,10.1872,,29.7936,
KSBP01,5/26/04 10:40,56.5,Up,10.1875,,29.7868,
KSBP01,5/26/04 10:40,57,Up,10.1872,,29.7922,
KSBP01,5/26/04 10:40,56,Up,10.1877,,29.7842,
KSBP01,5/26/04 10:40,55.5,Up,10.188,,29.7809,
KSBP01,5/26/04 10:40,54.5,Up,10.1916,,29.7609,
KSBP01,5/26/04 10:40,55,Up,10.1895,,29.7728,
KSBP01,5/26/04 10:40,54,Up,10.1942,,29.7525,
KSBP01,5/26/04 10:40,53.5,Up,10.1953,,29.7507,
KSBP01,5/26/04 10:40,52.5,Up,10.2102,,29.7359,
KSBP01,5/26/04 10:40,53,Up,10.2001,,29.7456,
KSBP01,5/26/04 10:40,52,Up,10.2149,,29.7316,
KSBP01,5/26/04 10:40,51.5,Up,10.2191,,29.7276,
KSBP01,5/26/04 10:40,51,Up,10.2186,,29.7271,
KSBP01,5/26/04 10:40,50,Up,10.2205,,29.7166,
KSBP01,5/26/04 10:40,50.5,Up,10.2197,,29.7228,
KSBP01,5/26/04 10:40,49.5,Up,10.2214,,29.7146,
KSBP01,5/26/04 10:40,49,Up,10.2272,,29.7102,
KSBP01,5/26/04 10:40,48,Up,10.236,,29.7055,
KSBP01,5/26/04 10:40,48.5,Up,10.2288,,29.7091,
KSBP01,5/26/04 10:40,47.5,Up,10.2396,,29.7042,
KSBP01,5/26/04 10:40,47,Up,10.2425,,29.7026,
KSBP01,5/26/04 10:40,46,Up,10.2481,,29.6984,
KSBP01,5/26/04 10:40,46.5,Up,10.2447,,29.7011,
KSBP01,5/26/04 10:40,45.5,Up,10.2494,,29.6952,
KSBP01,5/26/04 10:40,45,Up,10.2503,,29.6937,
KSBP01,5/26/04 10:40,44,Up,10.2497,,29.6895,
KSBP01,5/26/04 10:40,44.5,Up,10.2498,,29.6922,
KSBP01,5/26/04 10:40,43.5,Up,10.2501,,29.6872,
KSBP01,5/26/04 10:40,43,Up,10.2503,,29.6847,
KSBP01,5/26/04 10:40,42,Up,10.2495,,29.683,
KSBP01,5/26/04 10:40,42.5,Up,10.2498,,29.684,
KSBP01,5/26/04 10:40,41.5,Up,10.2468,,29.6794,
KSBP01,5/26/04 10:40,41,Up,10.2445,,29.6752,
KSBP01,5/26/04 10:40,40.5,Up,10.2419,,29.6686,
KSBP01,5/26/04 10:40,39.5,Up,10.2274,,29.6474,
KSBP01,5/26/04 10:40,40,Up,10.2334,,29.6548,
KSBP01,5/26/04 10:40,39,Up,10.2241,,29.6428,
KSBP01,5/26/04 10:40,38.5,Up,10.2155,,29.6339,
KSBP01,5/26/04 10:40,37.5,Up,10.2091,,29.625,
KSBP01,5/26/04 10:40,38,Up,10.2117,,29.6301,
KSBP01,5/26/04 10:40,37,Up,10.206,,29.6186,
KSBP01,5/26/04 10:40,36.5,Up,10.21,,29.6096,
KSBP01,5/26/04 10:40,35.5,Up,10.2401,,29.578,
KSBP01,5/26/04 10:40,36,Up,10.2167,,29.5979,
KSBP01,5/26/04 10:40,35,Up,10.2796,,29.5504,
KSBP01,5/26/04 10:40,34.5,Up,10.2877,,29.542,
KSBP01,5/26/04 10:40,34,Up,10.2923,,29.5292,
KSBP01,5/26/04 10:40,33,Up,10.3235,,29.5012,
KSBP01,5/26/04 10:40,33.5,Up,10.3054,,29.5162,
KSBP01,5/26/04 10:40,32.5,Up,10.3333,,29.4983,
KSBP01,5/26/04 10:40,31.5,Up,10.3927,,29.4738,
KSBP01,5/26/04 10:40,32,Up,10.37,,29.4821,
KSBP01,5/26/04 10:40,31,Up,10.4006,,29.4696,
KSBP01,5/26/04 10:40,30.5,Up,10.4038,,29.4677,
KSBP01,5/26/04 10:40,29.5,Up,10.41,,29.466,
KSBP01,5/26/04 10:40,30,Up,10.4058,,29.4674,
KSBP01,5/26/04 10:40,29,Up,10.413,,29.4653,
KSBP01,5/26/04 10:40,28.5,Up,10.4185,,29.4645,
KSBP01,5/26/04 10:40,27.5,Up,10.4347,,29.4631,
KSBP01,5/26/04 10:40,28,Up,10.4246,,29.4632,
KSBP01,5/26/04 10:40,27,Up,10.4586,,29.4604,
KSBP01,5/26/04 10:40,26.5,Up,10.4647,,29.4583,
KSBP01,5/26/04 10:40,25.5,Up,10.4819,,29.4584,
KSBP01,5/26/04 10:40,26,Up,10.4757,,29.4583,
KSBP01,5/26/04 10:40,25,Up,10.4894,,29.4577,
KSBP01,5/26/04 10:40,24.5,Up,10.4893,,29.4577,
KSBP01,5/26/04 10:40,24,Up,10.4916,,29.4575,
KSBP01,5/26/04 10:40,23,Up,10.5203,,29.4562,
KSBP01,5/26/04 10:40,23.5,Up,10.5023,,29.457,
KSBP01,5/26/04 10:40,22.5,Up,10.5217,,29.4574,
KSBP01,5/26/04 10:41,22,Up,10.533,,29.4539,
KSBP01,5/26/04 10:41,21,Up,10.5288,,29.4468,
KSBP01,5/26/04 10:41,21.5,Up,10.528,,29.4523,
KSBP01,5/26/04 10:41,20.5,Up,10.551,,29.4387,
KSBP01,5/26/04 10:41,20,Up,10.5584,,29.4342,
KSBP01,5/26/04 10:41,19.5,Up,10.5574,,29.433,
KSBP01,5/26/04 10:41,19,Up,10.5654,,29.4285,
KSBP01,5/26/04 10:41,18.5,Up,10.6249,,29.4096,
KSBP01,5/26/04 10:41,18,Up,10.6568,,29.3993,
KSBP01,5/26/04 10:41,17.5,Up,10.6635,,29.398,
KSBP01,5/26/04 10:41,17,Up,10.6643,,29.3974,
KSBP01,5/26/04 10:41,16.5,Up,10.6697,,29.3956,
KSBP01,5/26/04 10:41,16,Up,10.6711,,29.3949,
KSBP01,5/26/04 10:41,15.5,Up,10.6714,,29.3943,
KSBP01,5/26/04 10:41,15,Up,10.6741,,29.3938,
KSBP01,5/26/04 10:41,14.5,Up,10.6747,,29.3932,
KSBP01,5/26/04 10:41,14,Up,10.6752,,29.3933,
KSBP01,5/26/04 10:41,13.5,Up,10.6766,,29.3929,
KSBP01,5/26/04 10:41,13,Up,10.6771,,29.3926,
KSBP01,5/26/04 10:41,12.5,Up,10.6781,,29.3921,
KSBP01,5/26/04 10:41,12,Up,10.683,,29.3914,
KSBP01,5/26/04 10:41,11.5,Up,10.7216,,29.3847,
KSBP01,5/26/04 10:41,11,Up,10.8121,,29.3694,
KSBP01,5/26/04 10:41,10.5,Up,10.8514,,29.3609,
KSBP01,5/26/04 10:41,10,Up,10.9084,,29.3456,
KSBP01,5/26/04 10:41,9.5,Up,10.9564,,29.3285,
KSBP01,5/26/04 10:41,9,Up,10.9915,,29.3199,
KSBP01,5/26/04 10:41,8.5,Up,11.0293,,29.3125,
KSBP01,5/26/04 10:41,8,Up,11.0201,,29.3168,
KSBP01,5/26/04 10:41,7.5,Up,11.0802,,29.3043,
KSBP01,5/26/04 10:41,7,Up,11.153,,29.2868,
KSBP01,5/26/04 10:42,6.5,Up,11.1632,,29.2884,
KSBP01,5/26/04 10:42,6,Up,11.1696,,29.2848,
KSBP01,5/26/04 10:42,5.5,Up,11.3246,,29.2333,
KSBP01,5/26/04 10:42,5,Up,11.5329,,29.138,
KSBP01,5/26/04 10:42,4.5,Up,11.6136,,29.091,
KSBP01,5/26/04 10:42,4,Up,11.6696,,29.0798,
KSBP01,5/26/04 10:42,3.5,Up,11.7323,,29.0358,
KSBP01,5/26/04 10:42,3,Up,11.7875,,28.9995,
KSBP01,5/26/04 10:42,2.5,Up,11.803,,28.9807,
KSBP01,5/26/04 10:42,2,Up,11.8204,,28.9698,
KSBP01,5/26/04 10:42,1.5,Up,12.0177,,28.8469,
KSBP01,5/26/04 10:42,1,Up,12.2306,,28.646,
KSBP01,5/26/04 10:42,0.5,Up,12.3012,,28.5718,